Name,Address,Phone
Waste Cost Solutions,"Serving Florida (Toll-Free)",(844) 352-6685
Countrywide Disposal,"Serving Florida (Toll-Free)",(844) 815-8773
Jim & Jim's Hauling Inc,"St. Petersburg, FL",(727) 310-2678
USA Hauling Service,"Clearwater, FL",(727) 224-6780
Alpha Dumpsters,"Jacksonville, FL",(904) 980-8482
Lopefra Corp,"Miami, FL",(305) 418-9872
Pelican Trash,"Melbourne, FL",(321) 253-4188
"100% Trash, Inc","Port St. Lucie, FL",(772) 528-0287
Move It Junk Removal,"Bradenton, FL",(941) 803-4959
Waste Pro,"Lecanto, FL",(352) 366-0352
NextGen Disposal,"Bonita Springs, FL",(239) 992-6219
USA Dumpsters,"Bradenton, FL",(941) 812-4000
Michael Wagner Tree Service,"Apopka, FL",(407) 808-4748
Smiley's Dumpster Rental & Junk Removal,"Tampa, FL",(813) 575-5865
The Junk Sharks Dumpster Rental,"Ocala, FL",(352) 581-2576
Advantage Waste Services,"Brooksville, FL",(352) 398-5708
CFL Dumpsters,"Plant City, FL",(813) 997-2898
carmel dumpster rentals,"Lakeland, FL",(863) 222-7635
Advantage Waste Services Dumpster Rentals - Panama City,"Panama City, FL",(352) 403-8719
Silverback Dumpster Rentals,"Winter Haven, FL",(863) 342-0209
Luis And Brothers Lawn Service Inc.,"Naples, FL",(239) 653-8590
Esp Dumpster Company,"Naples, FL",(239) 566-3628
Clarity Land Services,"Tallahassee, FL",(850) 680-1727
Daytona Dumpster Rental HQ,"Daytona Beach, FL",(386) 492-9608
"Thoroughbred Lawn and Services LLC, Gainesville FL","Gainesville, FL",(352) 353-7865
North Florida Roll Off,"Jacksonville, FL",(904) 328-6163
Sarasota Dumpster Rental,"Sarasota, FL",(941) 676-9930
Dumpster Today,"Clermont, FL",(352) 995-3867
Bradenton Dumpster Rental,"Bradenton, FL",(941) 269-1611
Affordable Dumpster Rentals,"Farmingdale, NY",(631) 249-0500
