Name,Address,Phone,Fit,Contact Email
LX PressureWash,Sheboygan WI,(920) 314-0294,High,sales@lxrwash.com
A High Power Pressure Wash,Chandler AZ,(480) 433-9697,High,support@pressurewashscottsdale@gmail.com
Rudy's Powerwashing and Window Cleaning,Tucson AZ,(520) 213-0904,High,rudyperez1315@yahoo.com
Ace Surface Maintain Inc,Phoenix AZ,(602) 455-4797,Medium,acesurf@acesurface.com
A Coat Of Clean LLC,Shelton WA,(480) 338-5581,Medium,rick@coatandclean.com
AZ Power Wash Pros,Phoenix AZ,(602) 475-8777,High,info@am-pros.com
Happy Guy Power Wash LLC,Phoenix AZ,+1 480-717-1388,High,none
EZ Clean Power Washing,Phoenix AZ,(602) 653-0118,High,erik@ezcleanpowerwashing.com
Paul's Power Wash,Surprise AZ,(623) 640-2451,High,pgn1101@hotmail.com
Bud's Suds,Phoenix AZ,(928) 750-9660,Medium,bud@budssudsco.com
United Power Washing,Phoenix AZ,(623) 230-4444,Medium,unitedpwusa@gmail.com
AZ Shine Pro Wash,Glendale AZ,(623) 500-1517,High,marius@azshineprowash.com
Duncan's Power Washing,Wayne NJ,+1 973-832-2197,High,info@duncanpowerwashing.com
Blue Water Pressure Washing,Northfield NH,+1 603-333-1235,High,Matt@BlueWaterPressureWashing.com
Swept Away,Prescott Valley AZ,(928) 775-0405,Medium,office@sweptawayaz.com
JM Pressure Washing,La Porte TX,(774) 535-6192,High,jmpressurelp@gmail.com
AZ Power Wash & Seal,Scottsdale AZ,(480) 361-9274,High,AZpowerwashandseal@gmail.com
Clean Cut Pressure Washing,Taney County MI,(417) 337-3867,High,clean.cut.washing@gmail.com
Desert Suds Pressure Washing,Phoenix AZ,(602) 373-2532,Medium,none
Pristine Pressure Washing,Mesa AZ,(480) 890-2532,High,scheduling@pcpowerwashing.org
