Name,Address,Phone,Fit
LX PressureWash,Sheboygan WI,(920) 314-0294,High
A High Power Pressure Wash,Chandler AZ,(480) 433-9697,High
Rudy's Powerwashing and Window Cleaning,Tucson AZ,(520) 213-0904,High
Ace Surface Maintain Inc,Phoenix AZ,(602) 455-4797,Medium
A Coat Of Clean LLC,Shelton WA,(480) 338-5581,Medium
AZ Power Wash Pros,Phoenix AZ,(602) 475-8777,High
Happy Guy Power Wash LLC,Phoenix AZ,+1 480-717-1388,High
EZ Clean Power Washing,Phoenix AZ,(602) 653-0118,High
Paul's Power Wash,Surprise AZ,(623) 640-2451,High
Bud's Suds,Phoenix AZ,(928) 750-9660,Medium
United Power Washing,Phoenix AZ,(623) 230-4444,Medium
AZ Shine Pro Wash,Glendale AZ,(623) 500-1517,High
Duncan's Power Washing,Wayne NJ,+1 973-832-2197,High
Blue Water Pressure Washing,Northfield NH,+1 603-333-1235,High
Swept Away,Prescott Valley AZ,(928) 775-0405,Medium
JM Pressure Washing,La Porte TX,(774) 535-6192,High
AZ Power Wash & Seal,Scottsdale AZ,(480) 361-9274,High
Clean Cut Pressure Washing,Tucson AZ,(520) 250-0992,High
Desert Suds Pressure Washing,Phoenix AZ,(602) 373-2532,Medium
Pristine Pressure Washing,Mesa AZ,(480) 890-2532,High